Tweet ID,User,Content,Posted At (EST),Posted Date,Posted Time,Imported At (EST),Imported Date,Imported Time
1995740015507247486,elonmusk,"Outright criminal fraud https://t.co/kIhzuQWZ67",12/2/2025, 1:21:13 AM,12/2/2025,1:21:13 AM,12/2/2025, 1:25:40 AM,12/2/2025,1:25:40 AM
1995739934519419125,elonmusk,"Very https://t.co/T4WXEnCFDf",12/2/2025, 1:20:54 AM,12/2/2025,1:20:54 AM,12/2/2025, 1:25:40 AM,12/2/2025,1:25:40 AM
1995739659008184756,elonmusk,"RT @SpaceX: Falcon 9 launches 29 @Starlink satellites from Florida https://t.co/ZK45slRCc5",12/2/2025, 1:19:48 AM,12/2/2025,1:19:48 AM,12/2/2025, 1:20:40 AM,12/2/2025,1:20:40 AM
1995739543824150606,elonmusk,"RT @mayemusk: Using @grok to make my Grazia magazine Bulgaria cover photo in black and white, and moving üòâü§ó @XFashion 
Photographer: @fadil‚Ä¶",12/2/2025, 1:19:20 AM,12/2/2025,1:19:20 AM,12/2/2025, 1:20:40 AM,12/2/2025,1:20:40 AM
1995739185957773474,elonmusk,"RT @Sec_Noem: I just met with the President.  

I am recommending a full travel ban on every damn country that's been flooding our nation w‚Ä¶",12/2/2025, 1:17:55 AM,12/2/2025,1:17:55 AM,12/2/2025, 1:20:40 AM,12/2/2025,1:20:40 AM
1995738887885357558,elonmusk,"Congrats @SpaceX team and thank you @USSpaceForce! https://t.co/C0bC9VD2m6",12/2/2025, 1:16:44 AM,12/2/2025,1:16:44 AM,12/2/2025, 1:20:40 AM,12/2/2025,1:20:40 AM
1995737523574788301,elonmusk,"Cool https://t.co/mtTZLTTkDR",12/2/2025, 1:11:19 AM,12/2/2025,1:11:19 AM,12/2/2025, 1:15:40 AM,12/2/2025,1:15:40 AM
1995737447334908341,elonmusk,"RT @MarioNawfal: üá∫üá∏ STEPHEN MILLER: BIDEN BROUGHT IN MILLIONS OF ILLEGAL VOTERS

""The Biden administration, Secretary of Homeland Security,‚Ä¶",12/2/2025, 1:11:01 AM,12/2/2025,1:11:01 AM,12/2/2025, 1:15:40 AM,12/2/2025,1:15:40 AM
1995737297610842388,elonmusk,"RT @WhiteHouse: ‚ÄúWe‚Äôre saying MERRY CHRISTMAS again!‚Äù - @POTUS üéÑüá∫üá∏ https://t.co/TcfyP5h5Uc",12/2/2025, 1:10:25 AM,12/2/2025,1:10:25 AM,12/2/2025, 1:10:40 AM,12/2/2025,1:10:40 AM
1995737219521278299,elonmusk,"Exactly https://t.co/ZioB5oQU2Q",12/2/2025, 1:10:06 AM,12/2/2025,1:10:06 AM,12/2/2025, 1:10:40 AM,12/2/2025,1:10:40 AM
1995736971541410034,elonmusk,"RT @XFreeze: Step into the Future https://t.co/Tf51K58VS0",12/2/2025, 1:09:07 AM,12/2/2025,1:09:07 AM,12/2/2025, 1:10:40 AM,12/2/2025,1:10:40 AM
1995736883549073867,elonmusk,"RT @realDonaldTrump: I am asking all America First Patriots in Tennessee‚Äôs 7th Congressional District to please GET OUT AND VOTE TOMORROW f‚Ä¶",12/2/2025, 1:08:46 AM,12/2/2025,1:08:46 AM,12/2/2025, 1:10:40 AM,12/2/2025,1:10:40 AM
1995729572776563195,elonmusk,"RT @newstart_2024: Elon Musk: ‚Äú20 years ago ‚Äòleft-wing‚Äô meant open-minded, pro-free-speech, pro-gay rights, the party of empathy.
Now it‚Äôs‚Ä¶",12/2/2025, 12:39:43 AM,12/2/2025,12:39:43 AM,12/2/2025, 12:40:40 AM,12/2/2025,12:40:40 AM
1995708289883980149,elonmusk,"RT @XFreeze: Grok takes over https://t.co/OeRe2q3Kut",12/1/2025, 11:15:09 PM,12/1/2025,11:15:09 PM,12/1/2025, 11:15:40 PM,12/1/2025,11:15:40 PM
1995582026830020847,elonmusk,"Yeah https://t.co/VTeFicJVmw",12/1/2025, 2:53:25 PM,12/1/2025,2:53:25 PM,12/1/2025, 2:55:40 PM,12/1/2025,2:55:40 PM
1995560880726278612,elonmusk,"RT @XFreeze: Grok app claims the highest ratings among major AI apps on both App Store &amp; Play Store üåü

Grok app is the most loved AI app

A‚Ä¶",12/1/2025, 1:29:24 PM,12/1/2025,1:29:24 PM,12/1/2025, 1:30:51 PM,12/1/2025,1:30:51 PM
1995408048941302212,elonmusk,"RT @Milajoy: Elon Musk details D.O.G.E.‚Äôs most SHOCKING discoveries. https://t.co/hUKizwHA2g",12/1/2025, 3:22:06 AM,12/1/2025,3:22:06 AM,12/1/2025, 3:25:50 AM,12/1/2025,3:25:50 AM
1995407235858735521,elonmusk,"Absolutely https://t.co/4XiyP4qUTo",12/1/2025, 3:18:52 AM,12/1/2025,3:18:52 AM,12/1/2025, 3:20:50 AM,12/1/2025,3:20:50 AM
1995406683842183345,elonmusk,"Galaxy Mind is the goal https://t.co/Nz5mldxz9Y",12/1/2025, 3:16:40 AM,12/1/2025,3:16:40 AM,12/1/2025, 3:20:50 AM,12/1/2025,3:20:50 AM
1995406518620131569,elonmusk,"RT @TPointUK: We just want our children to be safe again.",12/1/2025, 3:16:01 AM,12/1/2025,3:16:01 AM,12/1/2025, 3:20:50 AM,12/1/2025,3:20:50 AM
1995405999721893966,elonmusk,"RT @ZeekArkham: I‚Äôll tell you all a secret‚Ä¶ well, sort of a secret‚Ä¶

Most of us black folk who have escaped the hood and live in better nei‚Ä¶",12/1/2025, 3:13:57 AM,12/1/2025,3:13:57 AM,12/1/2025, 3:15:50 AM,12/1/2025,3:15:50 AM
1995405784289837445,elonmusk,"Yes https://t.co/UKsi6m94T7",12/1/2025, 3:13:06 AM,12/1/2025,3:13:06 AM,12/1/2025, 3:15:50 AM,12/1/2025,3:15:50 AM
1995402573936009282,elonmusk,"RT @mattvanswol: üö®#BREAKING: Zantavious Walker who has 19 previous arrests including for assaulting women...

...was just arrested AGAIN fo‚Ä¶",12/1/2025, 3:00:21 AM,12/1/2025,3:00:21 AM,12/1/2025, 3:00:50 AM,12/1/2025,3:00:50 AM
1995402136512045523,elonmusk,"RT @teslaownersSV: ELON MUSK: ‚ÄúDuring natural disasters, Starlink provides free internet. We never profit from tragedy. https://t.co/UzXtaV‚Ä¶",12/1/2025, 2:58:36 AM,12/1/2025,2:58:36 AM,12/1/2025, 3:00:50 AM,12/1/2025,3:00:50 AM
1995400994008780971,elonmusk,"RT @tetsuoai: ùô∂ùöõùöòùöî ùô∏ùöñùöäùöêùöíùöóùöé: ùöãùöûùöíùöïùöçùöíùöóùöê ùöùùöëùöé ùöóùöéùö† ùöõùöòùöñùöé

grok prompt:

Subject: colossal marble statue of a draped male figure emerging from frac‚Ä¶",12/1/2025, 2:54:04 AM,12/1/2025,2:54:04 AM,12/1/2025, 2:55:50 AM,12/1/2025,2:55:50 AM
1995400841977901473,elonmusk,"RT @newstart_2024: Joe Rogan dropped the most politically incorrect truth bomb of 2025 and it‚Äôs absolutely wild:  
‚Äú12,000 British citizens‚Ä¶",12/1/2025, 2:53:28 AM,12/1/2025,2:53:28 AM,12/1/2025, 2:55:50 AM,12/1/2025,2:55:50 AM
1995400800827494653,elonmusk,"https://t.co/pBP8ePcRla",12/1/2025, 2:53:18 AM,12/1/2025,2:53:18 AM,12/1/2025, 2:55:50 AM,12/1/2025,2:55:50 AM
1995399967528419607,elonmusk,"RT @EndWokeness: ""This is the 3rd time we've pursued him in 6 months. We warned the judges."" https://t.co/nVCOCtDeM3",12/1/2025, 2:49:59 AM,12/1/2025,2:49:59 AM,12/1/2025, 2:50:50 AM,12/1/2025,2:50:50 AM
1995399810653004174,elonmusk,"Veritas https://t.co/DkFnpfL54Z",12/1/2025, 2:49:22 AM,12/1/2025,2:49:22 AM,12/1/2025, 2:50:50 AM,12/1/2025,2:50:50 AM
1995399617622716888,elonmusk,"RT @MarioNawfal: ELON'S POV ON THE MEANING OF LIFE: ""IT'S ABOUT THE QUESTION, NOT THE ANSWER""

Elon is literally saying the entire purpose‚Ä¶",12/1/2025, 2:48:36 AM,12/1/2025,2:48:36 AM,12/1/2025, 2:50:50 AM,12/1/2025,2:50:50 AM
1995398886643675469,elonmusk,"üíØ https://t.co/u22cPG4uH4",12/1/2025, 2:45:41 AM,12/1/2025,2:45:41 AM,12/1/2025, 2:45:55 AM,12/1/2025,2:45:55 AM
1995398740098875707,elonmusk,"RT @SpaceX: Watch Falcon 9 launch 29 @Starlink satellites to orbit from Florida https://t.co/IdVhYIC3sM",12/1/2025, 2:45:07 AM,12/1/2025,2:45:07 AM,12/1/2025, 2:45:50 AM,12/1/2025,2:45:50 AM
1995397140835955070,elonmusk,"RT @ai_by_sonia: @cb_doge @grok is no. 1 and the best ‚ô•Ô∏èü•∞‚ö° https://t.co/z4yXBeWseO",12/1/2025, 2:38:45 AM,12/1/2025,2:38:45 AM,12/1/2025, 2:40:51 AM,12/1/2025,2:40:51 AM
1995396261906940011,elonmusk,"RT @greg_price11: President Trump to Europe: ""If you don't get away from the green energy scam, your country is going to fail. If you don't‚Ä¶",12/1/2025, 2:35:16 AM,12/1/2025,2:35:16 AM,12/1/2025, 2:35:51 AM,12/1/2025,2:35:51 AM
1995396144067973231,elonmusk,"RT @SteveLovesAmmo: üé§ drop https://t.co/9AVsocgbYS",12/1/2025, 2:34:48 AM,12/1/2025,2:34:48 AM,12/1/2025, 2:35:51 AM,12/1/2025,2:35:51 AM
1995351547375386920,elonmusk,"RT @gailalfaratx: This is beautiful, Elon Musk spending time with his team at xAI in Memphis. The work they‚Äôre doing is highly appreciated‚Ä¶",11/30/2025, 11:37:35 PM,11/30/2025,11:37:35 PM,11/30/2025, 11:40:51 PM,11/30/2025,11:40:51 PM
1995351234555805924,elonmusk,"https://t.co/pWdaZfqCRA",11/30/2025, 11:36:20 PM,11/30/2025,11:36:20 PM,11/30/2025, 11:40:51 PM,11/30/2025,11:40:51 PM
1995351157737181282,elonmusk,"This is what happened. It‚Äôs true. https://t.co/Rv0Jml7AjG",11/30/2025, 11:36:02 PM,11/30/2025,11:36:02 PM,11/30/2025, 11:40:51 PM,11/30/2025,11:40:51 PM
1995345635994918932,elonmusk,"RT @MarioNawfal: ELON: ""X ISN'T THE BIGGEST PLATFORM, BUT IT RUNS THE GLOBAL CONVERSATION""

Elon gave the most grounded take on X's place i‚Ä¶",11/30/2025, 11:14:06 PM,11/30/2025,11:14:06 PM,11/30/2025, 11:15:50 PM,11/30/2025,11:15:50 PM
1995343274215633348,elonmusk,"Yup https://t.co/F05asXFyUQ",11/30/2025, 11:04:42 PM,11/30/2025,11:04:42 PM,11/30/2025, 11:05:52 PM,11/30/2025,11:05:52 PM
1995327133598499296,elonmusk,"RT @america: Elon Musk reflects on DOGE: ‚ÄúFraudsters necessarily will come up with a very sympathetic argument. They're not going to say, '‚Ä¶",11/30/2025, 10:00:34 PM,11/30/2025,10:00:34 PM,11/30/2025, 10:20:51 PM,11/30/2025,10:20:51 PM
1995326635608875008,elonmusk,"Galaxy Mind https://t.co/hNb0cRzD0B",11/30/2025, 9:58:35 PM,11/30/2025,9:58:35 PM,11/30/2025, 10:20:51 PM,11/30/2025,10:20:51 PM
1995323632940167602,elonmusk,"RT @niccruzpatane: Elon Musk on philanthropy: 

‚ÄúI think we should. I mean, I agree with the love of humanity, and we should definitely try‚Ä¶",11/30/2025, 9:46:40 PM,11/30/2025,9:46:40 PM,11/30/2025, 10:20:51 PM,11/30/2025,10:20:51 PM
1995315358685880512,elonmusk,"Absolutely https://t.co/uvRa4OZef2",11/30/2025, 9:13:47 PM,11/30/2025,9:13:47 PM,11/30/2025, 9:15:51 PM,11/30/2025,9:15:51 PM
1995278195890020497,elonmusk,"Seriously üôÑ https://t.co/xZLoNz1lh4",11/30/2025, 6:46:07 PM,11/30/2025,6:46:07 PM,11/30/2025, 6:50:51 PM,11/30/2025,6:50:51 PM
1995277783103103329,elonmusk,"üî•üòÇ https://t.co/aYoFt6zGG9",11/30/2025, 6:44:28 PM,11/30/2025,6:44:28 PM,11/30/2025, 6:45:51 PM,11/30/2025,6:45:51 PM
1995277694070833424,elonmusk,"RT @DavidSacks: INSIDE NYT‚ÄôS HOAX FACTORY 

Five months ago, five New York Times reporters were dispatched to create a story about my suppo‚Ä¶",11/30/2025, 6:44:07 PM,11/30/2025,6:44:07 PM,11/30/2025, 6:45:51 PM,11/30/2025,6:45:51 PM
1995277243325850034,elonmusk,"Interview with Nikhil https://t.co/4mmIo9rcKw",11/30/2025, 6:42:19 PM,11/30/2025,6:42:19 PM,11/30/2025, 6:45:51 PM,11/30/2025,6:45:51 PM
1995276929084383468,elonmusk,"RT @RepEliCrane: One of the reasons we impeached Secretary Mayorkas in the House.

Chuck Schumer and senate democrats killed the effort wit‚Ä¶",11/30/2025, 6:41:05 PM,11/30/2025,6:41:05 PM,11/30/2025, 6:45:51 PM,11/30/2025,6:45:51 PM
1995276684468297747,elonmusk,"RT @XFreeze: Do yourself a favor and download Grok. Whenever you‚Äôre stuck, need help, or just want someone smart to talk to, Grok is the on‚Ä¶",11/30/2025, 6:40:06 PM,11/30/2025,6:40:06 PM,11/30/2025, 6:40:50 PM,11/30/2025,6:40:50 PM
1995276642311397496,elonmusk,"RT @Rothmus: https://t.co/I8f5pwUujW",11/30/2025, 6:39:56 PM,11/30/2025,6:39:56 PM,11/30/2025, 6:40:50 PM,11/30/2025,6:40:50 PM
1995274725409350036,elonmusk,"RT @SawyerMerritt: NEWS: Yilun Chen has joined @Tesla‚Äôs Optimus team as a staff robotics engineer. He spent the last 4 years at Apple as an‚Ä¶",11/30/2025, 6:32:19 PM,11/30/2025,6:32:19 PM,11/30/2025, 6:35:51 PM,11/30/2025,6:35:51 PM
1995260738768650524,elonmusk,"üíØ https://t.co/axmE07RsBg",11/30/2025, 5:36:44 PM,11/30/2025,5:36:44 PM,11/30/2025, 6:00:51 PM,11/30/2025,6:00:51 PM
1995259783419404605,elonmusk,"RT @doganuraldesign: Target locked, initiating descent... https://t.co/v6pe91qHh3",11/30/2025, 5:32:57 PM,11/30/2025,5:32:57 PM,11/30/2025, 5:35:51 PM,11/30/2025,5:35:51 PM
1995259709469687847,elonmusk,"RT @astro_Pettit: The colors of our atmosphere seen from space! Multiple vibrant layers of green atomic oxygen, orange hydroxyl radicals, a‚Ä¶",11/30/2025, 5:32:39 PM,11/30/2025,5:32:39 PM,11/30/2025, 5:35:51 PM,11/30/2025,5:35:51 PM
1995259638309077212,elonmusk,"RT @doganuraldesign: When I said golden era, I meant it https://t.co/l0EMbTmbBj",11/30/2025, 5:32:22 PM,11/30/2025,5:32:22 PM,11/30/2025, 5:35:51 PM,11/30/2025,5:35:51 PM
1995258608536178864,elonmusk,"RT @Starlink: Starlink is designed to provide reliable connectivity in harsh weather üõ∞Ô∏è‚òÅÔ∏è",11/30/2025, 5:28:17 PM,11/30/2025,5:28:17 PM,11/30/2025, 5:30:51 PM,11/30/2025,5:30:51 PM
1995258566123352502,elonmusk,"RT @StephenM: The Democrat Party is organized around one essential command:

No limit of any kind can be placed on the entry of third world‚Ä¶",11/30/2025, 5:28:06 PM,11/30/2025,5:28:06 PM,11/30/2025, 5:30:51 PM,11/30/2025,5:30:51 PM
1995188198293614684,elonmusk,"https://t.co/op5s4ZikGJ is open source and free to be used by anyone with no royalty or even acknowledgement required. 

We just ask that any mistakes be corrected, so that it becomes more objectively accurate over time. https://t.co/BNzFHTAAWU",11/30/2025, 12:48:29 PM,11/30/2025,12:48:29 PM,11/30/2025, 12:50:50 PM,11/30/2025,12:50:50 PM
1995179681600135239,elonmusk,"Yes https://t.co/5s7koELB6O",11/30/2025, 12:14:39 PM,11/30/2025,12:14:39 PM,11/30/2025, 12:15:50 PM,11/30/2025,12:15:50 PM
1995179499647013366,elonmusk,"It needs to stop https://t.co/WN2BZdKumH",11/30/2025, 12:13:56 PM,11/30/2025,12:13:56 PM,11/30/2025, 12:15:50 PM,11/30/2025,12:15:50 PM
1995172636784304203,elonmusk,"RT @doganuraldesign: Logging into Sunday‚Ä¶ Who‚Äôs here? https://t.co/FTRw94sU58",11/30/2025, 11:46:39 AM,11/30/2025,11:46:39 AM,11/30/2025, 11:50:51 AM,11/30/2025,11:50:51 AM
1995055556638437602,elonmusk,"RT @Rothmus: https://t.co/DFlDS6KGI2",11/30/2025, 4:01:25 AM,11/30/2025,4:01:25 AM,11/30/2025, 4:05:50 AM,11/30/2025,4:05:50 AM
1995035508964298962,elonmusk,"Exactly https://t.co/dl4FKEk456",11/30/2025, 2:41:45 AM,11/30/2025,2:41:45 AM,11/30/2025, 2:45:50 AM,11/30/2025,2:45:50 AM
1995034754601934979,elonmusk,"https://t.co/9zm9UbNTSO",11/30/2025, 2:38:46 AM,11/30/2025,2:38:46 AM,11/30/2025, 2:40:51 AM,11/30/2025,2:40:51 AM
1995030574994788549,elonmusk,"RT @MarioNawfal: üö®üá∫üá∏ ILLEGAL ALIEN BEHEADS HIS BOSS IN FRONT OF WIFE &amp; KID IN TEXAS: SOROS-FUNDED DA SAYS ""NAH, NO DEATH PENALTY FOR THAT""‚Ä¶",11/30/2025, 2:22:09 AM,11/30/2025,2:22:09 AM,11/30/2025, 2:25:50 AM,11/30/2025,2:25:50 AM
1995030307180089661,elonmusk,"RT @teslaownersSV: 70 Years of Fertility Collapse: The End Is in Sight
From 1955 to 2025, global fertility has crashed from 4.95 births per‚Ä¶",11/30/2025, 2:21:05 AM,11/30/2025,2:21:05 AM,11/30/2025, 2:25:50 AM,11/30/2025,2:25:50 AM
1995028542669951306,elonmusk,"The Woke Mind Virus was easy to measure. Now, it is being purged. https://t.co/FiR6xwyKC1",11/30/2025, 2:14:05 AM,11/30/2025,2:14:05 AM,11/30/2025, 2:15:50 AM,11/30/2025,2:15:50 AM
1995027297372705033,elonmusk,"RT @MAstronomers: This is picture of Mars was taken today.

225 million miles away from us! https://t.co/fUa4NfKO1V",11/30/2025, 2:09:08 AM,11/30/2025,2:09:08 AM,11/30/2025, 2:10:50 AM,11/30/2025,2:10:50 AM
1995025448045351398,elonmusk,"RT @SawyerMerritt: This is why Tesla's Cybercab will have two seats: https://t.co/VsITlxHeyX",11/30/2025, 2:01:47 AM,11/30/2025,2:01:47 AM,11/30/2025, 2:05:51 AM,11/30/2025,2:05:51 AM
1995025387777085607,elonmusk,"RT @doganuraldesign: Hold on! https://t.co/SeHslNXhFy",11/30/2025, 2:01:32 AM,11/30/2025,2:01:32 AM,11/30/2025, 2:05:51 AM,11/30/2025,2:05:51 AM
1995024986948735253,elonmusk,"RT @WesleyHuntTX: I wore the uniform. 

I fought in the Middle East. 

I‚Äôve seen firsthand that there are people on this planet who want to‚Ä¶",11/30/2025, 1:59:57 AM,11/30/2025,1:59:57 AM,11/30/2025, 2:00:50 AM,11/30/2025,2:00:50 AM
1995009077311934784,elonmusk,"https://t.co/OceRV1KMqB",11/30/2025, 12:56:44 AM,11/30/2025,12:56:44 AM,11/30/2025, 1:00:50 AM,11/30/2025,1:00:50 AM
1994941817478156543,elonmusk,"RT @XFreeze: Use Grok for Everything - from research to writing to real-time analysis
 
It's much more helpful than people realize",11/29/2025, 8:29:28 PM,11/29/2025,8:29:28 PM,11/29/2025, 8:30:50 PM,11/29/2025,8:30:50 PM
1994941216006476174,elonmusk,"RT @DrEliDavid: ‚ÄúA society that puts equality before freedom will get neither. A society that puts freedom before equality will get a high‚Ä¶",11/29/2025, 8:27:04 PM,11/29/2025,8:27:04 PM,11/29/2025, 8:30:50 PM,11/29/2025,8:30:50 PM
1994941093105082859,elonmusk,"RT @XFreeze: Falcon 9‚Äôs first stage has landed, completing this booster‚Äôs 30th flight

SpaceX has completed 157 Falcon 9 missions, on pace‚Ä¶",11/29/2025, 8:26:35 PM,11/29/2025,8:26:35 PM,11/29/2025, 8:30:50 PM,11/29/2025,8:30:50 PM
1994940491054682570,elonmusk,"Optimus will be the Von Neumann probe",11/29/2025, 8:24:11 PM,11/29/2025,8:24:11 PM,11/29/2025, 8:25:51 PM,11/29/2025,8:25:51 PM
1994936544252367114,elonmusk,"RT @XFreeze: Grok 4.1 Fast hits a staggering 334B tokens in usage on OpenRouter in just a single day

It takes almost a entire week for its‚Ä¶",11/29/2025, 8:08:30 PM,11/29/2025,8:08:30 PM,11/29/2025, 8:10:50 PM,11/29/2025,8:10:50 PM
1994936233878065399,elonmusk,"And this is why we have the first and second amendments in America https://t.co/fKXW3zFzMx",11/29/2025, 8:07:16 PM,11/29/2025,8:07:16 PM,11/29/2025, 8:10:50 PM,11/29/2025,8:10:50 PM
1994933512827248892,elonmusk,"RT @Starlink: For those affected by Cyclone Ditwah in Sri Lanka, Starlink is providing free service to new and existing customers through t‚Ä¶",11/29/2025, 7:56:28 PM,11/29/2025,7:56:28 PM,11/29/2025, 8:00:50 PM,11/29/2025,8:00:50 PM
1994932731642585337,elonmusk,"Show your friends how to use @Grok https://t.co/QeT8Bju64B",11/29/2025, 7:53:21 PM,11/29/2025,7:53:21 PM,11/29/2025, 7:55:50 PM,11/29/2025,7:55:50 PM
1994793831707865385,elonmusk,"RT @teslaownersSV: In order to become multi planetary we need rapid reusable rockets. 

Starship is the first ever rocket designed to get u‚Ä¶",11/29/2025, 10:41:25 AM,11/29/2025,10:41:25 AM,11/29/2025, 10:45:51 AM,11/29/2025,10:45:51 AM
1994793706247848175,elonmusk,"https://t.co/atMxhZ6qXV",11/29/2025, 10:40:55 AM,11/29/2025,10:40:55 AM,11/29/2025, 10:45:51 AM,11/29/2025,10:45:51 AM
1994659464289583159,elonmusk,"True https://t.co/fDQBaqMo8o",11/29/2025, 1:47:29 AM,11/29/2025,1:47:29 AM,11/29/2025, 1:50:50 AM,11/29/2025,1:50:50 AM
1994654464284783019,elonmusk,"Anger https://t.co/NsJLksEdhk",11/29/2025, 1:27:37 AM,11/29/2025,1:27:37 AM,11/29/2025, 1:30:50 AM,11/29/2025,1:30:50 AM
1994651674221449410,elonmusk,"Yes https://t.co/KzDuTsQYFP",11/29/2025, 1:16:32 AM,11/29/2025,1:16:32 AM,11/29/2025, 1:20:50 AM,11/29/2025,1:20:50 AM
1994649272877551717,elonmusk,"RT @JackPosobiec: The appointment of Ketanji Brown Jackson was signed by autopen",11/29/2025, 1:07:00 AM,11/29/2025,1:07:00 AM,11/29/2025, 1:10:50 AM,11/29/2025,1:10:50 AM
1994649013782798750,elonmusk,"An innocent, hardworking young woman who did nothing wrong. 

Killed just for being a ‚Äúwhite girl‚Äù. https://t.co/uLwMf58GNn",11/29/2025, 1:05:58 AM,11/29/2025,1:05:58 AM,11/29/2025, 1:10:50 AM,11/29/2025,1:10:50 AM
1994648262947868765,elonmusk,"RT @Rothmus: https://t.co/dtLbpWnTFg",11/29/2025, 1:02:59 AM,11/29/2025,1:02:59 AM,11/29/2025, 1:03:21 AM,11/29/2025,1:03:21 AM
1994646652846748078,elonmusk,"RT @MarioNawfal: GROK JUST KILLED EVERY FOOD-LOCAL APP IN ONE SENTENCE

Yelp stock should be crying right now.

You open X - type ‚ÄúGrok, I‚Äô‚Ä¶",11/29/2025, 12:56:35 AM,11/29/2025,12:56:35 AM,11/29/2025, 1:03:21 AM,11/29/2025,1:03:21 AM
1994632238881763655,elonmusk,"RT @EricLDaugh: üö® BREAKING: Ukrainian President Zelensky's Chief of Staff just RESIGNED after anti-corruption units RAIDED his house.

Andr‚Ä¶",11/28/2025, 11:59:18 PM,11/28/2025,11:59:18 PM,11/29/2025, 12:00:22 AM,11/29/2025,12:00:22 AM
1994632120187138286,elonmusk,"RT @megbasham: It‚Äôs fascinating that the Washington Post has gone from arguing in June that illegal immigrants don‚Äôt get much in federal be‚Ä¶",11/28/2025, 11:58:50 PM,11/28/2025,11:58:50 PM,11/29/2025, 12:00:22 AM,11/29/2025,12:00:22 AM
1994631778162680128,elonmusk,"RT @gailalfaratx: Tesla Diner is a work of art and an act of love for all of us by Tesla ‚ö°Ô∏è https://t.co/XIu3kB2ZR8",11/28/2025, 11:57:29 PM,11/28/2025,11:57:29 PM,11/29/2025, 12:00:22 AM,11/29/2025,12:00:22 AM
1994631112509825523,elonmusk,"Yes https://t.co/blwlIHmgG0",11/28/2025, 11:54:50 PM,11/28/2025,11:54:50 PM,11/28/2025, 11:55:20 PM,11/28/2025,11:55:20 PM
1994630956779450419,elonmusk,"‚ÄúMouse Utopia‚Äù https://t.co/6rpU9fXPnS",11/28/2025, 11:54:13 PM,11/28/2025,11:54:13 PM,11/28/2025, 11:55:20 PM,11/28/2025,11:55:20 PM
1994574827894493593,elonmusk,"RT @TheGlobal_Index: @WhiteHouse @POTUS https://t.co/M1LbxLjFBc",11/28/2025, 8:11:11 PM,11/28/2025,8:11:11 PM,11/28/2025, 8:15:20 PM,11/28/2025,8:15:20 PM
1994574645727825945,elonmusk,"RT @teslaownersSV: ""The goal of SpaceX is to make life multiplanetary  to ensure humanity survives the great filters.""

@elonmusk https://t‚Ä¶",11/28/2025, 8:10:27 PM,11/28/2025,8:10:27 PM,11/28/2025, 8:15:20 PM,11/28/2025,8:15:20 PM
1994574448352227476,elonmusk,"RT @thackerpd: OMG, the Washington Post ran something *positive* about @elonmusk. Is everything okay over there, Posties?

Are the reporter‚Ä¶",11/28/2025, 8:09:40 PM,11/28/2025,8:09:40 PM,11/28/2025, 8:10:20 PM,11/28/2025,8:10:20 PM
1994556830001840374,elonmusk,"RT @teslaownersSV: Just tested the Starlink Mini in the middle of nowhere and‚Ä¶ holy crap.  
268 Mbps DOWNLOAD ü§Ø  
Upload was 9 Mbps, latenc‚Ä¶",11/28/2025, 6:59:40 PM,11/28/2025,6:59:40 PM,11/28/2025, 7:00:22 PM,11/28/2025,7:00:22 PM
1994521369867161911,elonmusk,"RT @DimaZeniuk: BREAKING: SpaceX @Starlink is providing free service to people affected by the severe flooding in Indonesia and is working‚Ä¶",11/28/2025, 4:38:45 PM,11/28/2025,4:38:45 PM,11/28/2025, 4:40:20 PM,11/28/2025,4:40:20 PM
1994518037614268565,elonmusk,"SpaceX is accelerating rapidly. 

When Starship is launching several times a day in a few years, SpaceX will be ~99% of all Earth payload mass to orbit, even if the others triple their current launch rate. https://t.co/0uRfdek2pf",11/28/2025, 4:25:31 PM,11/28/2025,4:25:31 PM,11/28/2025, 4:30:20 PM,11/28/2025,4:30:20 PM
1994509990602969440,elonmusk,"Wow https://t.co/rcamJTckEn",11/28/2025, 3:53:32 PM,11/28/2025,3:53:32 PM,11/28/2025, 3:55:20 PM,11/28/2025,3:55:20 PM
1994509458308043099,elonmusk,"SpaceX standard policy is to make Starlink free whenever there is a natural disaster somewhere in the world. 

It would not be right to profit from misfortune. https://t.co/p11mybsgj4",11/28/2025, 3:51:25 PM,11/28/2025,3:51:25 PM,11/28/2025, 3:55:20 PM,11/28/2025,3:55:20 PM
1994508958116319613,elonmusk,"‚ù§Ô∏è https://t.co/p11mybsgj4",11/28/2025, 3:49:26 PM,11/28/2025,3:49:26 PM,11/28/2025, 3:50:20 PM,11/28/2025,3:50:20 PM
1994508787961708825,elonmusk,"RT @america: An NGO that received taxpayer dollars through USAID enabled terrorism.",11/28/2025, 3:48:45 PM,11/28/2025,3:48:45 PM,11/28/2025, 3:50:20 PM,11/28/2025,3:50:20 PM
1994507674327912803,elonmusk,"30 flights of the same rocket! https://t.co/F7hds21MLR",11/28/2025, 3:44:20 PM,11/28/2025,3:44:20 PM,11/28/2025, 3:45:20 PM,11/28/2025,3:45:20 PM
1994506711508684956,elonmusk,"Without drastic action, they will succeed in killing America https://t.co/0elABPitxp",11/28/2025, 3:40:30 PM,11/28/2025,3:40:30 PM,11/28/2025, 3:45:20 PM,11/28/2025,3:45:20 PM
1994506434290258329,elonmusk,"https://t.co/tiHuzppNrh",11/28/2025, 3:39:24 PM,11/28/2025,3:39:24 PM,11/28/2025, 3:40:22 PM,11/28/2025,3:40:22 PM
1994505502752215113,elonmusk,"Exactly! https://t.co/HnC0sVQn0i",11/28/2025, 3:35:42 PM,11/28/2025,3:35:42 PM,11/28/2025, 3:40:22 PM,11/28/2025,3:40:22 PM
1994495253454491732,elonmusk,"Zero is very low number ‚Ä¶ https://t.co/kSxq0dFAwe",11/28/2025, 2:54:59 PM,11/28/2025,2:54:59 PM,11/28/2025, 2:55:20 PM,11/28/2025,2:55:20 PM
1994495132222329224,elonmusk,"RT @Starlink: Starlink Mini offers fast, reliable internet on the go‚Äîgreat for traveling, camping, exploring, boating, RVing, and more.

St‚Ä¶",11/28/2025, 2:54:30 PM,11/28/2025,2:54:30 PM,11/28/2025, 2:55:20 PM,11/28/2025,2:55:20 PM
1994493136505377269,elonmusk,"RT @MarioNawfal: GROK IMAGINE IS LEVELING UP FAST... ARE AI-GENERATED SHOWS NEXT?

Grok Imagine isn‚Äôt just getting better... it‚Äôs evolving‚Ä¶",11/28/2025, 2:46:34 PM,11/28/2025,2:46:34 PM,11/28/2025, 2:50:20 PM,11/28/2025,2:50:20 PM
1994492900403810575,elonmusk,"RT @XFreeze: Grok Imagine brings a sci-fi city to life with Robovan at the center https://t.co/pv7rSX4lR0",11/28/2025, 2:45:37 PM,11/28/2025,2:45:37 PM,11/28/2025, 2:50:20 PM,11/28/2025,2:50:20 PM
1994492798897459636,elonmusk,"RT @doganuraldesign: Don't sleep on Grok Imagine https://t.co/WHgeGSn8MR",11/28/2025, 2:45:13 PM,11/28/2025,2:45:13 PM,11/28/2025, 2:50:20 PM,11/28/2025,2:50:20 PM
1994438923079077890,elonmusk,"Grok Imagine is getting better fast https://t.co/uHg6HyczPO",11/28/2025, 11:11:08 AM,11/28/2025,11:11:08 AM,11/28/2025, 11:35:21 AM,11/28/2025,11:35:21 AM
1994438621810545009,elonmusk,"True https://t.co/IYuE1gXUDH",11/28/2025, 11:09:56 AM,11/28/2025,11:09:56 AM,11/28/2025, 11:35:21 AM,11/28/2025,11:35:21 AM
1994413648668680524,elonmusk,"RT @cb_doge: Switch to ùïè Chat.

- Fully encrypted for maximum privacy
- No third-party dependencies
- No advertising hooks or hidden tracke‚Ä¶",11/28/2025, 9:30:42 AM,11/28/2025,9:30:42 AM,11/28/2025, 9:35:20 AM,11/28/2025,9:35:20 AM
1994413612979384638,elonmusk,"RT @XFreeze: Grok 4.1 Fast hits all time high record token usage of 253 billion in just single day on OpenRouter -  claims #1 spot https://‚Ä¶",11/28/2025, 9:30:34 AM,11/28/2025,9:30:34 AM,11/28/2025, 9:35:20 AM,11/28/2025,9:35:20 AM
1994334744125874243,elonmusk,"RT @willchamberlain: Deport them all.",11/28/2025, 4:17:10 AM,11/28/2025,4:17:10 AM,11/28/2025, 5:05:21 AM,11/28/2025,5:05:21 AM
1994334481692455329,elonmusk,"RT @RichardGrenell: September 3, 2021 - I made clear that the Biden Administration was pushing career State and DHS officials to quickly ap‚Ä¶",11/28/2025, 4:16:08 AM,11/28/2025,4:16:08 AM,11/28/2025, 5:05:21 AM,11/28/2025,5:05:21 AM
1994334186925085145,elonmusk,"RT @ArtemisConsort: I was a trans progressive. Not quite a communist. More of a stancil-style technocratic prog. I saw firsthand how transi‚Ä¶",11/28/2025, 4:14:57 AM,11/28/2025,4:14:57 AM,11/28/2025, 5:05:21 AM,11/28/2025,5:05:21 AM
1994332829782573295,elonmusk,"RT @AnnCoulter: Afghans are a primitive people, most of whom have never encountered indoor plumbing, to say nothing of a floor.  90% told P‚Ä¶",11/28/2025, 4:09:34 AM,11/28/2025,4:09:34 AM,11/28/2025, 5:05:21 AM,11/28/2025,5:05:21 AM
1994332521429884972,elonmusk,"RT @KnightWorld: Love and protect animals.

Grok Imagine https://t.co/qLYh8D2xoE",11/28/2025, 4:08:20 AM,11/28/2025,4:08:20 AM,11/28/2025, 5:05:21 AM,11/28/2025,5:05:21 AM
1994331370030580211,elonmusk,"America will live https://t.co/ZYiHhiMsds",11/28/2025, 4:03:46 AM,11/28/2025,4:03:46 AM,11/28/2025, 5:05:21 AM,11/28/2025,5:05:21 AM
1994330170417705235,elonmusk,"RT @RealJamesWoods: Anything short of this, and America is doomed. Thank God for President Trump. https://t.co/lTge6EGvxv",11/28/2025, 3:59:00 AM,11/28/2025,3:59:00 AM,11/28/2025, 5:05:21 AM,11/28/2025,5:05:21 AM
1994329648151359952,elonmusk,"RT @ThomasSowell: Rep Wesley Hunt: ""I'm black. I‚Äôm a veteran and I have 6 forms of ID. The idea that a black or brown person can not get an‚Ä¶",11/28/2025, 3:56:55 AM,11/28/2025,3:56:55 AM,11/28/2025, 5:05:21 AM,11/28/2025,5:05:21 AM
1994326747681022168,elonmusk,"RT @profstonge: How a government treats violent criminals tells you how much they ignore voters. 

Because voters never like violent crimin‚Ä¶",11/28/2025, 3:45:24 AM,11/28/2025,3:45:24 AM,11/28/2025, 5:05:21 AM,11/28/2025,5:05:21 AM
1994326387721658499,elonmusk,"RT @EYakoby: In the middle of Dearborn, Michigan an entire crowd chants ‚ÄúDeath to America.‚Äù

Rashida Tlaib, when asked, refused to condemn‚Ä¶",11/28/2025, 3:43:58 AM,11/28/2025,3:43:58 AM,11/28/2025, 5:05:21 AM,11/28/2025,5:05:21 AM
1994326205919592900,elonmusk,"RT @Milajoy: Ilhan Omar wasn't some poor, oppressed refugee that Americ saved.

Her family was part of the TYRANNICAL Somali government tha‚Ä¶",11/28/2025, 3:43:14 AM,11/28/2025,3:43:14 AM,11/28/2025, 5:05:21 AM,11/28/2025,5:05:21 AM
1994325963685941302,elonmusk,"RT @DouglasKMurray: ‚ÄòAfghan terror and Somalia fraud shows why Trump is right on migrants.‚Äô ‚Å¶@nypost‚Å©  https://t.co/wJHMVr46ZA",11/28/2025, 3:42:17 AM,11/28/2025,3:42:17 AM,11/28/2025, 5:05:21 AM,11/28/2025,5:05:21 AM
1994324516877574462,elonmusk,"üá∫üá∏üá∫üá∏üá∫üá∏üá∫üá∏ https://t.co/3uYbwnQpzK",11/28/2025, 3:36:32 AM,11/28/2025,3:36:32 AM,11/28/2025, 5:05:21 AM,11/28/2025,5:05:21 AM
1994272192167662018,elonmusk,"Nothing else matters if birth rate is far below replacement rate https://t.co/MUjo13z4uT",11/28/2025, 12:08:37 AM,11/28/2025,12:08:37 AM,11/28/2025, 12:10:21 AM,11/28/2025,12:10:21 AM
1994271793645830501,elonmusk,"Wow https://t.co/qua3Rt0y2X",11/28/2025, 12:07:02 AM,11/28/2025,12:07:02 AM,11/28/2025, 12:10:21 AM,11/28/2025,12:10:21 AM
1994263762648387979,elonmusk,"RT @cb_doge: Grok is getting smarter every day.

It now gives you instant suggestions for what to ask next right under your chat.

Ask some‚Ä¶",11/27/2025, 11:35:07 PM,11/27/2025,11:35:07 PM,11/27/2025, 11:35:22 PM,11/27/2025,11:35:22 PM
1994257895576273193,elonmusk,"RT @Starlink: Starlink Mini offers fast, reliable internet on the go‚Äîgreat for traveling, camping, exploring, boating, RVing, and more.

St‚Ä¶",11/27/2025, 11:11:48 PM,11/27/2025,11:11:48 PM,11/27/2025, 11:15:20 PM,11/27/2025,11:15:20 PM
1994250476221575389,elonmusk,"RT @teslaownersSV: Grok imagine makes insane cinematic quality videos. https://t.co/vckzGS9Hdd",11/27/2025, 10:42:19 PM,11/27/2025,10:42:19 PM,11/27/2025, 10:45:20 PM,11/27/2025,10:45:20 PM
1994238377344778630,elonmusk,"It‚Äôs coming https://t.co/cTQ5yFVUTX",11/27/2025, 9:54:14 PM,11/27/2025,9:54:14 PM,11/27/2025, 9:55:20 PM,11/27/2025,9:55:20 PM
1994237832395702426,elonmusk,"Grok Imagine
 https://t.co/0UZU2b8LRG",11/27/2025, 9:52:05 PM,11/27/2025,9:52:05 PM,11/27/2025, 9:55:20 PM,11/27/2025,9:55:20 PM
1994229158625300902,elonmusk,"This is going to be awesome üòé https://t.co/WcDIcnDPpp",11/27/2025, 9:17:37 PM,11/27/2025,9:17:37 PM,11/27/2025, 9:25:20 PM,11/27/2025,9:25:20 PM
1994221082681733232,elonmusk,"Text to video now works with Grok Imagine. 

Upgraded audio and 10 sec long video generation releasing hopefully this weekend! https://t.co/ijAGdC97PX",11/27/2025, 8:45:31 PM,11/27/2025,8:45:31 PM,11/27/2025, 8:50:20 PM,11/27/2025,8:50:20 PM
1994149756910883262,elonmusk,"RT @DataRepublican: üßµ THREAD: What is the International Rescue Committee?

Rahmanullah Lakanwal, the accused, worked for the International‚Ä¶",11/27/2025, 4:02:06 PM,11/27/2025,4:02:06 PM,11/27/2025, 4:05:21 PM,11/27/2025,4:05:21 PM
1994149636697969009,elonmusk,"RT @teslaownersSV: See how amazing Grok‚Äôs new Upscale feature looks!

Give it a try ‚Äî just pick Upscale from the drop-down menu.
 https://t‚Ä¶",11/27/2025, 4:01:37 PM,11/27/2025,4:01:37 PM,11/27/2025, 4:05:21 PM,11/27/2025,4:05:21 PM
1994149482565705813,elonmusk,"RT @EricLDaugh: üö® BREAKING: The Soros-linked NGO ""World Relief"" FUNDED the settlement of National Guard shooter Rahmanullah Lakanwal in Was‚Ä¶",11/27/2025, 4:01:00 PM,11/27/2025,4:01:00 PM,11/27/2025, 4:05:21 PM,11/27/2025,4:05:21 PM
1994149409345691936,elonmusk,"RT @doganuraldesign: Grok to understand https://t.co/07LtmBjEDD",11/27/2025, 4:00:43 PM,11/27/2025,4:00:43 PM,11/27/2025, 4:05:21 PM,11/27/2025,4:05:21 PM
1994134361613193713,elonmusk,"Grok is #1 https://t.co/i7qEaXJ0ep",11/27/2025, 3:00:55 PM,11/27/2025,3:00:55 PM,11/27/2025, 3:05:20 PM,11/27/2025,3:05:20 PM
1994134192054259748,elonmusk,"Many new features in ùïè Chat, our new communications system that has replaced the old Twitter DMs. 

It is also encrypted and enables audio/video calls and file transfers. https://t.co/jsKhV68FEZ",11/27/2025, 3:00:15 PM,11/27/2025,3:00:15 PM,11/27/2025, 3:05:20 PM,11/27/2025,3:05:20 PM
1994133688750411990,elonmusk,"RT @durov: The EU weaponizes people‚Äôs strong emotions about child protection to push mass surveillance and censorship. Their surveillance l‚Ä¶",11/27/2025, 2:58:15 PM,11/27/2025,2:58:15 PM,11/27/2025, 3:05:20 PM,11/27/2025,3:05:20 PM
1994123289820844447,elonmusk,"RT @XFreeze: Grok 4.1 Fast hits a massive 1 TRILLION tokens processed in less than a week since launch - now claims #1 spot on OpenRouter h‚Ä¶",11/27/2025, 2:16:55 PM,11/27/2025,2:16:55 PM,11/27/2025, 2:35:21 PM,11/27/2025,2:35:21 PM
1994123236460908804,elonmusk,"You can ask Grok about medical trials of new treatments that affect you! https://t.co/F4LRsKVpEt",11/27/2025, 2:16:43 PM,11/27/2025,2:16:43 PM,11/27/2025, 2:35:21 PM,11/27/2025,2:35:21 PM
1994105696523002091,elonmusk,"RT @DOGE_GSA: Happy Thanksgiving to everyone, especially @Reuters!!! ü¶Éü§£",11/27/2025, 1:07:01 PM,11/27/2025,1:07:01 PM,11/27/2025, 2:35:21 PM,11/27/2025,2:35:21 PM
1994100915167744156,elonmusk,"RT @teslaownersSV: Want both chat and instant voice? Just add two Grok widgets!

Press and hold your home screen, tap Customize, choose Add‚Ä¶",11/27/2025, 12:48:01 PM,11/27/2025,12:48:01 PM,11/27/2025, 2:35:21 PM,11/27/2025,2:35:21 PM
1994094698332316035,elonmusk,"RT @XFreeze: Here's how to Instantly Open Grok as a App on your Mac with just One Click:

‚ûù  Open https://t.co/EXnW5IVf8x using Safari
‚ûù  G‚Ä¶",11/27/2025, 12:23:19 PM,11/27/2025,12:23:19 PM,11/27/2025, 12:25:20 PM,11/27/2025,12:25:20 PM
1994093137032368135,elonmusk,"RT @xAIMemphis: Thankful for our incredible hardworking team @xai working around the clock to keep @grok powered! https://t.co/Uws9tDuxZD",11/27/2025, 12:17:06 PM,11/27/2025,12:17:06 PM,11/27/2025, 12:20:20 PM,11/27/2025,12:20:20 PM
1994090771813945420,elonmusk,"RT @DataRepublican: @brad_polumbo Happy to supply the empirical meaning. A Nazi / fascist believes 4 things that almost no mainstream right‚Ä¶",11/27/2025, 12:07:43 PM,11/27/2025,12:07:43 PM,11/27/2025, 12:10:23 PM,11/27/2025,12:10:23 PM
1994089805618270284,elonmusk,"RT @MarioNawfal: üö®üá∫üá∏ ELON JUST CALLED MEMPHIS ENVIRONMENTALISTS' BLUFF WITH 550 ACRES OF SOLAR

xAI announced 88 acres of solar panels arou‚Ä¶",11/27/2025, 12:03:52 PM,11/27/2025,12:03:52 PM,11/27/2025, 12:05:20 PM,11/27/2025,12:05:20 PM
1994089738827886827,elonmusk,"üá∫üá∏üá∫üá∏ Happy Thanksgiving! üá∫üá∏üá∫üá∏

I hope you enjoy a wonderful meal with your family &amp; friends. Thanksgiving food is amazing üòã",11/27/2025, 12:03:36 PM,11/27/2025,12:03:36 PM,11/27/2025, 12:05:20 PM,11/27/2025,12:05:20 PM
1994088619951169738,elonmusk,"No bad https://t.co/jrmL5lXEEQ",11/27/2025, 11:59:10 AM,11/27/2025,11:59:10 AM,11/27/2025, 12:00:21 PM,11/27/2025,12:00:21 PM
1994009611104399398,elonmusk,"RT @tetsuoai: ‚ÄúThink in terms of Kardashev II and the path becomes obvious.‚Äù - Elon Musk https://t.co/v5HdFajRAh",11/27/2025, 6:45:12 AM,11/27/2025,6:45:12 AM,11/27/2025, 6:45:38 AM,11/27/2025,6:45:38 AM
1994005464304984424,elonmusk,"RT @teslaownersSV: The Following Page is üî• now that Grok is running it.",11/27/2025, 6:28:44 AM,11/27/2025,6:28:44 AM,11/27/2025, 6:30:20 AM,11/27/2025,6:30:20 AM
1994005236441338319,elonmusk,"Enhance your ùïè posts using Grok! https://t.co/oP6aKTtkpV",11/27/2025, 6:27:49 AM,11/27/2025,6:27:49 AM,11/27/2025, 6:30:20 AM,11/27/2025,6:30:20 AM
1994003789854965819,elonmusk,"Try using ùïè for audio and video calls https://t.co/u4ZCjiKyGP",11/27/2025, 6:22:04 AM,11/27/2025,6:22:04 AM,11/27/2025, 6:25:20 AM,11/27/2025,6:25:20 AM
1994000759361556688,elonmusk,"RT @MrAndyNgo: One of the groups fomenting seditious behavior in the U.S. military is this left-wing nonprofit:",11/27/2025, 6:10:02 AM,11/27/2025,6:10:02 AM,11/27/2025, 6:10:21 AM,11/27/2025,6:10:21 AM
1993994703130493021,elonmusk,"RT @teslaownersSV: ""Elon Musk is working on the most important areas of A.I. xAI is working on foundation cognitive intelligence A.I., Tesl‚Ä¶",11/27/2025, 5:45:58 AM,11/27/2025,5:45:58 AM,11/27/2025, 6:05:21 AM,11/27/2025,6:05:21 AM
1993993559129903111,elonmusk,"RT @Tesla_India: India‚Äôs first all-in-one Tesla Center in Gurugram, Haryana was inaugurated today by Hon‚Äôble CM Shri Nayab Singh Saini and‚Ä¶",11/27/2025, 5:41:25 AM,11/27/2025,5:41:25 AM,11/27/2025, 6:05:21 AM,11/27/2025,6:05:21 AM
1993993428691009845,elonmusk,"Troubling https://t.co/BcGrNYk0jo",11/27/2025, 5:40:54 AM,11/27/2025,5:40:54 AM,11/27/2025, 6:05:21 AM,11/27/2025,6:05:21 AM
1993973691256897537,elonmusk,"RT @Real_RobN: Here it is: 

Polls CONFIRM that 90% of the American public is in favor of requiring proof of U.S. citizenship to vote. http‚Ä¶",11/27/2025, 4:22:28 AM,11/27/2025,4:22:28 AM,11/27/2025, 4:25:21 AM,11/27/2025,4:25:21 AM
1993973418585133460,elonmusk,"RT @TreeLakeRain: @LaceyPresley GROK designed DEEP space HABITAT 

ü§´üòâ

https://t.co/InRLdkDAkZ",11/27/2025, 4:21:23 AM,11/27/2025,4:21:23 AM,11/27/2025, 4:25:21 AM,11/27/2025,4:25:21 AM
1993966829551644703,elonmusk,"Exactly https://t.co/GQA6egmQ1i",11/27/2025, 3:55:12 AM,11/27/2025,3:55:12 AM,11/27/2025, 3:55:36 AM,11/27/2025,3:55:36 AM
1993966298980622804,elonmusk,"RT @JasonJournoDC: üö®NEW: Joe Rogan: 

""When @elonmusk purchased Twitter ‚Äî and I don't say this lightly ‚Äî I think he changed the course of c‚Ä¶",11/27/2025, 3:53:06 AM,11/27/2025,3:53:06 AM,11/27/2025, 3:55:20 AM,11/27/2025,3:55:20 AM
1993966203782463941,elonmusk,"RT @Surabees: Vice President @JDVance utterly embarrasses CBS and @margbrennan on the unvetted migrants that Biden allowed into our country‚Ä¶",11/27/2025, 3:52:43 AM,11/27/2025,3:52:43 AM,11/27/2025, 3:55:20 AM,11/27/2025,3:55:20 AM
1993963820289499355,elonmusk,"RT @robbystarbuck: I was right. This Democrat plan has now resulted in multiple US service members shot on our own soil. This was preventab‚Ä¶",11/27/2025, 3:43:15 AM,11/27/2025,3:43:15 AM,11/27/2025, 3:45:20 AM,11/27/2025,3:45:20 AM
1993963254117511489,elonmusk,"RT @doganuraldesign: Open Worlds of Grok Imagine https://t.co/WizhHMVYII",11/27/2025, 3:41:00 AM,11/27/2025,3:41:00 AM,11/27/2025, 3:45:20 AM,11/27/2025,3:45:20 AM
1993963173310026108,elonmusk,"Wow https://t.co/mdLq0Q9pib",11/27/2025, 3:40:41 AM,11/27/2025,3:40:41 AM,11/27/2025, 3:45:20 AM,11/27/2025,3:45:20 AM
1993962366745366932,elonmusk,"RT @JohnStossel: .@yaronbrook asks audiences, what would a government-designed iPhone be like?

They laugh, knowing it'd be expensive, and‚Ä¶",11/27/2025, 3:37:28 AM,11/27/2025,3:37:28 AM,11/27/2025, 3:40:20 AM,11/27/2025,3:40:20 AM
1993956593709551858,elonmusk,"RT @ZubyMusic: El Salvador has reduced its homicide rate by over 98% in the past 10 years.

People say freedom and safety are opposing goal‚Ä¶",11/27/2025, 3:14:32 AM,11/27/2025,3:14:32 AM,11/27/2025, 3:15:20 AM,11/27/2025,3:15:20 AM
1993956537094819909,elonmusk,"VP Vance was right https://t.co/KrgxMcqGcU",11/27/2025, 3:14:19 AM,11/27/2025,3:14:19 AM,11/27/2025, 3:15:20 AM,11/27/2025,3:15:20 AM
1993954208111054855,elonmusk,"RT @Tesla_AI: üéÅ",11/27/2025, 3:05:03 AM,11/27/2025,3:05:03 AM,11/27/2025, 3:05:21 AM,11/27/2025,3:05:21 AM
1993924018173563295,elonmusk,"RT @ImMeme0: üö®BREAKING: Rahmanullah Lakanwal, who shot two National Guardsmen, is an Afghan national and is allegedly a well-trained terror‚Ä¶",11/27/2025, 1:05:05 AM,11/27/2025,1:05:05 AM,11/27/2025, 1:05:22 AM,11/27/2025,1:05:22 AM
1993923380211536389,elonmusk,"No kidding ü§î https://t.co/WkyEGox2O5",11/27/2025, 1:02:33 AM,11/27/2025,1:02:33 AM,11/27/2025, 1:05:21 AM,11/27/2025,1:05:21 AM
1993923240604127271,elonmusk,"RT @TheRabbitHole: Arrest criminals.
Lower crime.

It‚Äôs that simple. https://t.co/lAOx5P7kuN",11/27/2025, 1:02:00 AM,11/27/2025,1:02:00 AM,11/27/2025, 1:05:21 AM,11/27/2025,1:05:21 AM
1993923050484716019,elonmusk,"RT @Starlink: Starlink is easy to install and provides reliable high-speed home internet üõ∞Ô∏è‚ú®",11/27/2025, 1:01:15 AM,11/27/2025,1:01:15 AM,11/27/2025, 1:05:21 AM,11/27/2025,1:05:21 AM
1993922210394984469,elonmusk,"RT @XFreeze: Grok 4.1 Thinking ranks #2 on Text Arena, outperforming the latest Claude Opus 4.5 https://t.co/lbQl75Wixl",11/27/2025, 12:57:54 AM,11/27/2025,12:57:54 AM,11/27/2025, 1:00:20 AM,11/27/2025,1:00:20 AM
1993921748597920232,elonmusk,"Update your ùïè app and look at your Following timeline. 

Posts of people you follow are now ranked by @Grok! 

You can still access unfiltered chronological if you want.",11/27/2025, 12:56:04 AM,11/27/2025,12:56:04 AM,11/27/2025, 1:00:20 AM,11/27/2025,1:00:20 AM
1993878535484919962,elonmusk,"Charlie said it best https://t.co/hdaC0lbStI",11/26/2025, 10:04:21 PM,11/26/2025,10:04:21 PM,11/26/2025, 10:05:20 PM,11/26/2025,10:05:20 PM
1993877867630088339,elonmusk,"RT @america: President Trump‚Äôs full remarks on the illegal alien Afghan National who attacked members of the National Guard in Washington D‚Ä¶",11/26/2025, 10:01:42 PM,11/26/2025,10:01:42 PM,11/26/2025, 10:05:20 PM,11/26/2025,10:05:20 PM
1993877625304175031,elonmusk,"Any sufficiently advanced magic is indistinguishable from technology https://t.co/HD8vD5mGfS",11/26/2025, 10:00:44 PM,11/26/2025,10:00:44 PM,11/26/2025, 10:05:20 PM,11/26/2025,10:05:20 PM
1993874607133302988,elonmusk,"RT @doganuraldesign: Imagine https://t.co/uhin7s5fBe",11/26/2025, 9:48:45 PM,11/26/2025,9:48:45 PM,11/26/2025, 9:50:20 PM,11/26/2025,9:50:20 PM
1993863215022027172,elonmusk,"RT @RealJamesWoods: The final and most powerful post of an assassinated American hero. https://t.co/Od7neSshL5",11/26/2025, 9:03:29 PM,11/26/2025,9:03:29 PM,11/26/2025, 9:05:20 PM,11/26/2025,9:05:20 PM
1993860033713492042,elonmusk,"Both JSON and natural language work for Grok Imagine.

And remember to keep updating your @Grok app, as we release improvements every few days! https://t.co/rQEDaonJA1",11/26/2025, 8:50:50 PM,11/26/2025,8:50:50 PM,11/26/2025, 8:55:20 PM,11/26/2025,8:55:20 PM
1993845056516837839,elonmusk,"RT @teslaownersSV: If you‚Äôre using Starlink, you‚Äôre not just browsing the internet, you‚Äôre funding the Mars mission https://t.co/v0ErU6kwZs",11/26/2025, 7:51:19 PM,11/26/2025,7:51:19 PM,11/26/2025, 7:55:20 PM,11/26/2025,7:55:20 PM
1993829195475251437,elonmusk,"Grok is the closest to being fair https://t.co/h0dKLn6VXr",11/26/2025, 6:48:18 PM,11/26/2025,6:48:18 PM,11/26/2025, 6:50:20 PM,11/26/2025,6:50:20 PM
1993828910434586974,elonmusk,"RT @cb_doge: ELON MUSK: ‚ÄúThe fundamental moral flaw of the left is empathy for the criminals and not empathy for the victims. There's been‚Ä¶",11/26/2025, 6:47:10 PM,11/26/2025,6:47:10 PM,11/26/2025, 6:50:20 PM,11/26/2025,6:50:20 PM
1993828797066748081,elonmusk,"Falsely labeling non-violent people as ‚Äúfascist‚Äù or ‚ÄúNazi‚Äù should be treated as incitement to murder https://t.co/CRwYzqdGLo",11/26/2025, 6:46:43 PM,11/26/2025,6:46:43 PM,11/26/2025, 6:50:20 PM,11/26/2025,6:50:20 PM
1993828295683801574,elonmusk,"Troubling https://t.co/I6EqeZyF7I",11/26/2025, 6:44:43 PM,11/26/2025,6:44:43 PM,11/26/2025, 6:45:19 PM,11/26/2025,6:45:19 PM
1993828161705119912,elonmusk,"Exactly https://t.co/mfRNeLa8wu",11/26/2025, 6:44:11 PM,11/26/2025,6:44:11 PM,11/26/2025, 6:45:19 PM,11/26/2025,6:45:19 PM
1993827832510992555,elonmusk,"RT @america: BREAKING: Two members of the National Guard have been shot in Washington D.C. near The White House, conditions are currently u‚Ä¶",11/26/2025, 6:42:53 PM,11/26/2025,6:42:53 PM,11/26/2025, 6:45:19 PM,11/26/2025,6:45:19 PM
1993827753414783079,elonmusk,"RT @bennyjohnson: America is under Attack from within. The greatest threats against our country are not coming from a foreign land, they‚Äôre‚Ä¶",11/26/2025, 6:42:34 PM,11/26/2025,6:42:34 PM,11/26/2025, 6:45:19 PM,11/26/2025,6:45:19 PM
1993827216917189041,elonmusk,"My deepest condolences to the families of the two National Guardsmen who were murdered in cold blood today.

How many innocent people dying does it take to reform our broken system?

Radical action is needed.",11/26/2025, 6:40:26 PM,11/26/2025,6:40:26 PM,11/26/2025, 6:45:19 PM,11/26/2025,6:45:19 PM
1993810778412236877,elonmusk,"The current regime is turning Britain into a prison island https://t.co/A9lRC3YG28",11/26/2025, 5:35:07 PM,11/26/2025,5:35:07 PM,11/26/2025, 5:35:20 PM,11/26/2025,5:35:20 PM
1993781514765783456,elonmusk,"RT @FutureJurvetson: ‚ö´  Making Boring 100x Better
Boring is radically lowering the cost of tunneling, from $ billions per mile to millions.‚Ä¶",11/26/2025, 3:38:50 PM,11/26/2025,3:38:50 PM,11/26/2025, 3:40:19 PM,11/26/2025,3:40:19 PM
1993781397249777986,elonmusk,"RT @XFreeze: Grok-4: Ranked #1 for AI Voter Alignment

Most AIs have a left-leaning bias. Grok-4 reasons independently, accurately predicti‚Ä¶",11/26/2025, 3:38:22 PM,11/26/2025,3:38:22 PM,11/26/2025, 3:40:19 PM,11/26/2025,3:40:19 PM
1993749704392495154,elonmusk,"We must protect the innocent https://t.co/wEBmhrM47W",11/26/2025, 1:32:26 PM,11/26/2025,1:32:26 PM,11/26/2025, 1:35:22 PM,11/26/2025,1:35:22 PM
1993749449890517500,elonmusk,"RT @ModdedQuad: Some people think the @neuralink surgery is scary or dangerous. But here‚Äôs the truth:

It was one of the easiest experience‚Ä¶",11/26/2025, 1:31:25 PM,11/26/2025,1:31:25 PM,11/26/2025, 1:35:22 PM,11/26/2025,1:35:22 PM
1993734200797876520,elonmusk,"Crime is extremely concentrated in a small number of individuals who repeatedly harm others https://t.co/aVZM82Gkmy",11/26/2025, 12:30:49 PM,11/26/2025,12:30:49 PM,11/26/2025, 12:35:22 PM,11/26/2025,12:35:22 PM
1993733897293844987,elonmusk,"ü§î https://t.co/mTgXEQQyHs",11/26/2025, 12:29:37 PM,11/26/2025,12:29:37 PM,11/26/2025, 12:30:23 PM,11/26/2025,12:30:23 PM
1993732640323834148,elonmusk,"RT @teslaownersSV: üö®BREAKING: ùïè is the #1 News App in 150 countries.
 https://t.co/TRhAut1PdL",11/26/2025, 12:24:37 PM,11/26/2025,12:24:37 PM,11/26/2025, 12:25:23 PM,11/26/2025,12:25:23 PM
1993731923164996011,elonmusk,"ISIS-Somalia https://t.co/yq9iPpRnuS",11/26/2025, 12:21:46 PM,11/26/2025,12:21:46 PM,11/26/2025, 12:25:23 PM,11/26/2025,12:25:23 PM
1993727565518041278,elonmusk,"RT @teslaownersSV: Send photos straight from ùïè to Grok Imagine to turn them into videos.

Just long-press the photo, choose Make video with‚Ä¶",11/26/2025, 12:04:27 PM,11/26/2025,12:04:27 PM,11/26/2025, 12:05:22 PM,11/26/2025,12:05:22 PM
1993710366703145217,elonmusk,"Just put repeat violent offenders in prison and there will be a massive drop in criminals repeatedly offending violently! https://t.co/PONdE2y8LZ",11/26/2025, 10:56:07 AM,11/26/2025,10:56:07 AM,11/26/2025, 11:00:23 AM,11/26/2025,11:00:23 AM
1993709264645529813,elonmusk,"This is crazy ‚Ä¶ https://t.co/HlBQuO0djX",11/26/2025, 10:51:44 AM,11/26/2025,10:51:44 AM,11/26/2025, 10:55:23 AM,11/26/2025,10:55:23 AM
1993707991242301837,elonmusk,"RT @mazemoore: This is mind-blowing. Bernie Sanders in 2015: Open borders is a right-wing proposal. Immigration can make Americans poorer.‚Ä¶",11/26/2025, 10:46:41 AM,11/26/2025,10:46:41 AM,11/26/2025, 10:50:23 AM,11/26/2025,10:50:23 AM
1993706410212016468,elonmusk,"Grok Imagine https://t.co/QyF654qWCt",11/26/2025, 10:40:24 AM,11/26/2025,10:40:24 AM,11/26/2025, 10:40:37 AM,11/26/2025,10:40:37 AM
1993702117543202830,elonmusk,"Grok https://t.co/GOB1XAB8Bh",11/26/2025, 10:23:20 AM,11/26/2025,10:23:20 AM,11/26/2025, 10:25:23 AM,11/26/2025,10:25:23 AM
1993701912835981743,elonmusk,"RT @XFreeze: Elon is building tunnels while literally burying ~99% of the cost that takes to build it

US Traditional subway tunnels cost ~‚Ä¶",11/26/2025, 10:22:31 AM,11/26/2025,10:22:31 AM,11/26/2025, 10:25:23 AM,11/26/2025,10:25:23 AM
1993701768442810396,elonmusk,"RT @greiner_ro52817: My very first time playing a first person shooter while using neuralink Brain computer interfacing with the quad stick‚Ä¶",11/26/2025, 10:21:57 AM,11/26/2025,10:21:57 AM,11/26/2025, 10:25:23 AM,11/26/2025,10:25:23 AM
1993608613886333083,elonmusk,"RT @nypost: Homeless man accused of breaking into woman‚Äôs home, beating her to death ‚Äî months after judge released him https://t.co/JI2tPD0‚Ä¶",11/26/2025, 4:11:47 AM,11/26/2025,4:11:47 AM,11/26/2025, 4:15:22 AM,11/26/2025,4:15:22 AM
1993607817065050270,elonmusk,"RT @AMAZlNGNATURE: Voyager 1 Is About to Reach One Light-day from Earth

After nearly 50 years in space, NASA‚Äôs Voyager 1 is about to hit a‚Ä¶",11/26/2025, 4:08:37 AM,11/26/2025,4:08:37 AM,11/26/2025, 4:10:22 AM,11/26/2025,4:10:22 AM
1993607530950594842,elonmusk,"RT @dvorahfr: Let the sun within you shine.

@grok Imagine https://t.co/UT9QrWlTVf",11/26/2025, 4:07:29 AM,11/26/2025,4:07:29 AM,11/26/2025, 4:10:22 AM,11/26/2025,4:10:22 AM
1993605518791741894,elonmusk,"RT @teslaownersSV: ‚ÄúElon Musk is a visionary, somebody who continues to just push the boundaries, looking for a future that we really want‚Ä¶",11/26/2025, 3:59:29 AM,11/26/2025,3:59:29 AM,11/26/2025, 4:00:23 AM,11/26/2025,4:00:23 AM
1993550380119269611,elonmusk,"True https://t.co/89V4tr6eZR",11/26/2025, 12:20:23 AM,11/26/2025,12:20:23 AM,11/26/2025, 12:20:37 AM,11/26/2025,12:20:37 AM
1993547255501275191,elonmusk,"RT @EricLDaugh: üö® BREAKING: Stephen Miller sounds the alarm that the Democrat playbook is the ""SOMALIFICATION of America,"" and Minnesota is‚Ä¶",11/26/2025, 12:07:58 AM,11/26/2025,12:07:58 AM,11/26/2025, 12:10:23 AM,11/26/2025,12:10:23 AM
1993545538701345255,elonmusk,"RT @teslaownersSV: üö® NVIDIA CEO Jensen Huang ‚ÄúAlmost everything Elon Musk does, you want to be part of. My only regret with xA I‚ÄîI didn‚Äôt i‚Ä¶",11/26/2025, 12:01:09 AM,11/26/2025,12:01:09 AM,11/26/2025, 12:05:22 AM,11/26/2025,12:05:22 AM
1993535581679419867,elonmusk,"RT @TheRabbitHole: We saw a massive surge in illegal immigration during the Biden-Harris administration. https://t.co/ZXAVbAs5yc",11/25/2025, 11:21:35 PM,11/25/2025,11:21:35 PM,11/25/2025, 11:25:23 PM,11/25/2025,11:25:23 PM
1993534499045753323,elonmusk,"Absolutely https://t.co/R9cYps5Ksw",11/25/2025, 11:17:17 PM,11/25/2025,11:17:17 PM,11/25/2025, 11:20:23 PM,11/25/2025,11:20:23 PM
1993533138954600584,elonmusk,"RT @nayibbukele: You can LITERALLY incarcerate your way out of violence. That‚Äôs precisely why incarceration exists in the first place. http‚Ä¶",11/25/2025, 11:11:53 PM,11/25/2025,11:11:53 PM,11/25/2025, 11:15:22 PM,11/25/2025,11:15:22 PM
1993533103420354589,elonmusk,"If you imprison repeat violent offenders, then they will no longer be able to repeat offending violently!

That is the simple and obvious truth. https://t.co/ed75iwilIJ",11/25/2025, 11:11:44 PM,11/25/2025,11:11:44 PM,11/25/2025, 11:15:22 PM,11/25/2025,11:15:22 PM
1993532550778949745,elonmusk,"RT @dvorahfr: ""True love is like ghosts, which everyone talks about and few have seen.""

Francois de La Rochefoucauld

@grok Imagine https:‚Ä¶",11/25/2025, 11:09:32 PM,11/25/2025,11:09:32 PM,11/25/2025, 11:10:22 PM,11/25/2025,11:10:22 PM
1993532402120245703,elonmusk,"RT @ImMeme0: üö®BREAKING: Elon Musk is calling out the American‚Äôs largest teachers‚Äô union, the National Education Association, over its upcom‚Ä¶",11/25/2025, 11:08:57 PM,11/25/2025,11:08:57 PM,11/25/2025, 11:10:22 PM,11/25/2025,11:10:22 PM
1993532070493405383,elonmusk,"RT @teslaownersSV: BREAKING: xAI has overtaken OpenAI, Google, and Anthropic to claim the #1 spot on the OpenRouter Market Share Leaderboar‚Ä¶",11/25/2025, 11:07:38 PM,11/25/2025,11:07:38 PM,11/25/2025, 11:10:22 PM,11/25/2025,11:10:22 PM
1993439372579160558,elonmusk,"Absolutely https://t.co/cqbu0NTHHn",11/25/2025, 4:59:17 PM,11/25/2025,4:59:17 PM,11/25/2025, 5:00:52 PM,11/25/2025,5:00:52 PM
1993424388473971122,elonmusk,"This is the hard truth https://t.co/wxLSY8OahU",11/25/2025, 3:59:44 PM,11/25/2025,3:59:44 PM,11/25/2025, 4:00:49 PM,11/25/2025,4:00:49 PM
1993423830971297937,elonmusk,"RT @GadSaad: This happens because aggressive and violent men are only restrained by other potentially aggressive and violent men.  However,‚Ä¶",11/25/2025, 3:57:31 PM,11/25/2025,3:57:31 PM,11/25/2025, 4:00:49 PM,11/25/2025,4:00:49 PM
1993398698647470408,elonmusk,"RT @jimmybajimmyba: we‚Äôre hiring. macro harder",11/25/2025, 2:17:39 PM,11/25/2025,2:17:39 PM,11/25/2025, 2:20:49 PM,11/25/2025,2:20:49 PM
1993398610260885853,elonmusk,"RT @the_jefferymead: He who spares the wolf, sacrifices the sheep. Great way to put this. 

We need less ""empathy"" and more accountability.‚Ä¶",11/25/2025, 2:17:18 PM,11/25/2025,2:17:18 PM,11/25/2025, 2:20:49 PM,11/25/2025,2:20:49 PM
1993390218263904727,elonmusk,"‚Ä¶ https://t.co/WatSpXAlNo",11/25/2025, 1:43:58 PM,11/25/2025,1:43:58 PM,11/25/2025, 1:45:51 PM,11/25/2025,1:45:51 PM
1993388424410308943,elonmusk,"Share @Grok links with friends https://t.co/YSAuABy8cA",11/25/2025, 1:36:50 PM,11/25/2025,1:36:50 PM,11/25/2025, 1:40:52 PM,11/25/2025,1:40:52 PM
1993388230285435094,elonmusk,"RT @Not_the_Bee: Happening now: Ukraine agrees to Trump-brokered peace deal with Russia
https://t.co/WlAm2772tu",11/25/2025, 1:36:04 PM,11/25/2025,1:36:04 PM,11/25/2025, 1:40:52 PM,11/25/2025,1:40:52 PM
1993387940358373835,elonmusk,"RT @jgebbia: It‚Äôs an intelligent robot that happens to be on wheels and can take you places safely.",11/25/2025, 1:34:54 PM,11/25/2025,1:34:54 PM,11/25/2025, 1:35:51 PM,11/25/2025,1:35:51 PM
1993387576523473112,elonmusk,"‚ÄúPuberty blockers‚Äù is a propaganda term for castration chemicals that cause brain damage to kids https://t.co/9HsGC8Pe11",11/25/2025, 1:33:28 PM,11/25/2025,1:33:28 PM,11/25/2025, 1:35:51 PM,11/25/2025,1:35:51 PM
1993386234438430844,elonmusk,"This chart says it all https://t.co/O5X95JpEeB",11/25/2025, 1:28:08 PM,11/25/2025,1:28:08 PM,11/25/2025, 1:30:51 PM,11/25/2025,1:30:51 PM
1993385361641554179,elonmusk,"RT @megynkelly: World‚Äôs Strongest Woman is now literally a man. You can‚Äôt make it up",11/25/2025, 1:24:40 PM,11/25/2025,1:24:40 PM,11/25/2025, 1:25:52 PM,11/25/2025,1:25:52 PM
1993384636991627629,elonmusk,"https://t.co/gtG1OvFs2H",11/25/2025, 1:21:47 PM,11/25/2025,1:21:47 PM,11/25/2025, 1:25:52 PM,11/25/2025,1:25:52 PM
1993384459450958043,elonmusk,"Long discussion about Boring Company progress https://t.co/CFB3VtBMbz",11/25/2025, 1:21:05 PM,11/25/2025,1:21:05 PM,11/25/2025, 1:25:52 PM,11/25/2025,1:25:52 PM
1993379703483191528,elonmusk,"RT @RedWave_Press: Reporter: ‚ÄúWere you aware that the individual that allegedly committed this crime was a career offender and had been arr‚Ä¶",11/25/2025, 1:02:11 PM,11/25/2025,1:02:11 PM,11/25/2025, 1:05:51 PM,11/25/2025,1:05:51 PM
1993379611213021337,elonmusk,"RT @teslaownersSV: Grok now has Private Chat.

When you enable it, the conversation won‚Äôt appear in your history and will be fully erased.‚Ä¶",11/25/2025, 1:01:49 PM,11/25/2025,1:01:49 PM,11/25/2025, 1:05:51 PM,11/25/2025,1:05:51 PM
1993379205359477178,elonmusk,"RT @entel: Los mejores clientes merecen estar conectados en cada rinc√≥n de Chile üíô‚Äã Gracias a nuestra alianza con Starlink, ahora podr√°s di‚Ä¶",11/25/2025, 1:00:12 PM,11/25/2025,1:00:12 PM,11/25/2025, 1:00:51 PM,11/25/2025,1:00:51 PM
1993378946080227622,elonmusk,"Thanks @CathieDWood ‚ù§Ô∏è https://t.co/EQrj7sW1vD",11/25/2025, 12:59:10 PM,11/25/2025,12:59:10 PM,11/25/2025, 1:00:51 PM,11/25/2025,1:00:51 PM
1993378817340264555,elonmusk,"RT @EvaVlaar: This is what I mean when I say the migrant-on-White rapes and assaults in Europe are genocidal in nature.

They forced the bo‚Ä¶",11/25/2025, 12:58:39 PM,11/25/2025,12:58:39 PM,11/25/2025, 1:00:51 PM,11/25/2025,1:00:51 PM
1993378708766539905,elonmusk,"Murderous thugs should be incarcerated so that can‚Äôt murder people. 

Doesn‚Äôt matter what their race is. Obviously. https://t.co/LjhTQDWX08",11/25/2025, 12:58:14 PM,11/25/2025,12:58:14 PM,11/25/2025, 1:00:51 PM,11/25/2025,1:00:51 PM
1993378319967175075,elonmusk,"The President is absolutely right https://t.co/lzgk4pP1mb",11/25/2025, 12:56:41 PM,11/25/2025,12:56:41 PM,11/25/2025, 1:00:51 PM,11/25/2025,1:00:51 PM
1993378084972904823,elonmusk,"Perfectly said https://t.co/1mkwkBLdco",11/25/2025, 12:55:45 PM,11/25/2025,12:55:45 PM,11/25/2025, 1:00:51 PM,11/25/2025,1:00:51 PM
1993377684530077858,elonmusk,"This will save lives of people in remote locations by enabling them to call for help https://t.co/kzj2H9bXdm",11/25/2025, 12:54:09 PM,11/25/2025,12:54:09 PM,11/25/2025, 12:55:52 PM,11/25/2025,12:55:52 PM
1993377255196955049,elonmusk,"Not bad. 

And Grok 4.20 will be much better. https://t.co/wn7059Vf5p",11/25/2025, 12:52:27 PM,11/25/2025,12:52:27 PM,11/25/2025, 12:55:52 PM,11/25/2025,12:55:52 PM